IDENTIFICADOR,MUNICIPIO,LOCALIDAD,DENOMINACIÓN,Término de búsqueda,FECHA DECLARACIÓN BIC,PROTECCIÓN DEL BIEN: CATEGORÍA DE PROTECCIÓN,CLASIFICACIÓN TIPOLÓGICA: Tipología
1,Adanero,Adanero,Iglesia de Nuestra Señora de la Asunción,Iglesia de Nuestra Señora de la Asunción de Adanero,1998-12-10,Monumento,Patrimonio arquitectónico
2,La Adrada,La Adrada,Castillo de La Adrada,Castillo de La Adrada,1949-04-22,Castillos,Patrimonio arquitectónico
3,Aldeanueva de Santa Cruz,Aldeanueva de Santa Cruz,Antiguo Convento de las Monjas,Antiguo Convento de las Monjas de Aldeanueva de Santa Cruz,1993-03-11,Monumento,Patrimonio arquitectónico
4,El Arenal,El Arenal ,Rollo de justicia,Rollo de justicia de El Arenal,1963-03-14,Rollos de justicia,Patrimonio arquitectónico
5,Arenas de San Pedro,Arenas de San Pedro,Rollo de justicia,Rollo de justicia de Arenas de San Pedro,1963-03-15,Rollos de justicia,Patrimonio arquitectónico
6,Arenas de San Pedro,Arenas de San Pedro,Capilla Real de San Pedro de Alcántara,Capilla Real de San Pedro de Alcántara,1972-10-26,Monumento,Patrimonio arquitectónico
7,Arenas de San Pedro,Arenas de San Pedro,Castillo de la Triste Condesa,Castillo de la Triste Condesa,1931-06-03,Monumento,Patrimonio arquitectónico
8,Arenas de San Pedro,Arenas de San Pedro,Palacio de la Mosquera o Palacio del Infante Don Luis de Borbón,Palacio de la Mosquera o Palacio del Infante Don Luis de Borbón,2012-08-16,Monumento,Patrimonio arquitectónico
9,Arévalo,Arévalo,La parte antigua de la ciudad,Parte antigua de Arévalo; parte antigua de la ciudad de Arévalo; conjunto histórico artístico de Arévalo,1970-03-21,Conjunto histórico,Conjunto de bienes
10,Arévalo,Arévalo,Castillo de Arévalo,Castillo de Arévalo,1949-04-22,Castillos,Patrimonio arquitectónico
11,Arévalo,Arévalo,Murallas de Arévalo,Murallas de Arévalo,1949-04-22,Castillos,Patrimonio arquitectónico
12,Arévalo,Arévalo,Iglesia de San Martín,Iglesia de San Martín de Arévalo,1931-06-03,Monumento,Patrimonio arquitectónico
13,Arévalo,Arévalo,Iglesia de San Miguel,Iglesia de San Miguel de Arévalo,1991-10-24,Monumento,Patrimonio arquitectónico
14,Arévalo,Arévalo,Iglesia de Santa María de la Lugareja,Iglesia de Santa María de la Lugareja,1931-06-03,Monumento,Patrimonio arquitectónico
15,Arévalo,Arévalo,Iglesia de Santa María la Mayor,Iglesia de Santa María la Mayor de Arévalo,2006-01-26,Monumento,Patrimonio arquitectónico
16,Arévalo,Arévalo,Puente de Medina,Puente de Medina,1983-10-19,Monumento,Patrimonio arquitectónico
17,Ávila,Alamedilla del Berrocal,Castillo de Manzaneros,Castillo de Manzaneros,1949-04-22,Castillos,Patrimonio arquitectónico
18,Ávila,Ávila,La ciudad de Ávila,Ciudad Vieja de Ávila,1982-12-15,Conjunto histórico,Conjunto de bienes
19,Ávila,Ávila,Biblioteca Pública,Biblioteca Pública de Ávila,1985-06-25,"Archivos, museos y bibliotecas",Patrimonio arquitectónico
20,Ávila,Ávila,Casa de Luis Dávila,Escudo heráldico de la casa de Luis Dávila,1963-03-14,Escudos,Patrimonio arquitectónico
21,Ávila,La Aldea del Rey Niño,Rollo de justicia,Rollo de justicia de la Dehesa de la Serna,1963-03-14,Rollos de justicia,Patrimonio arquitectónico
22,Ávila,Ávila,Archivo Histórico Provincial,Archivo Histórico Provincial de Ávila,1985-06-25,Monumento,Patrimonio arquitectónico
23,Ávila,Ávila,Capilla de Mosen Rubi,Capilla de Mosén Rubí,1991-06-13,Monumento,Patrimonio arquitectónico
24,Ávila,Ávila,Convento de San Francisco,Convento de San Francisco de Ávila,1931-06-03,Monumento,Patrimonio arquitectónico
25,Ávila,Ávila,Convento de San José,Convento de San José de Ávila; Convento de las Madres de Ávila,1991-06-13,Monumento,Patrimonio arquitectónico
26,Ávila,Ávila,Convento de Santo Tomás,Real Monasterio de Santo Tomás,1931-06-03,Monumento,Patrimonio arquitectónico
27,Ávila,Ávila,"Convento Madres Clarisas ""Gordillas""",Convento de las Clarisas de Ávila; iglesia de Santa María de Jesús de Ávila; Las Gordillas,1991-10-24,Monumento,Patrimonio arquitectónico
28,Ávila,Ávila,Edificio del Episcopio,Edificio del Episcopio de Ávila; El Episcopio,1992-11-18,Monumento,Patrimonio arquitectónico
29,Ávila,Ávila,Ermita de Nuestra Señora de las Vacas,Ermita de Nuestra Señora de las Vacas,1992-04-09,Monumento,Patrimonio arquitectónico
30,Ávila,Ávila,Ermita de San Martín,Ermita de San Martín de Ávila,1983-06-29,Monumento,Patrimonio arquitectónico
31,Ávila,Ávila,Ermita de San Segundo del río Adaja,Ermita de San Segundo de Ávila; Ermita de San Segundo,1998-01-08,Monumento,Patrimonio arquitectónico
32,Ávila,Ávila,Iglesia Catedral El Salvador,Iglesia Catedral El Salvador; Catedral de Ávila; Catedral del Salvador,1914-10-31,Monumento,Patrimonio arquitectónico
33,Ávila,Ávila,Iglesia Convento de Santa Teresa,Iglesia Convento de Santa Teresa; basílica de Santa Teresa; iglesia de La Santa,1991-06-13,Monumento,Patrimonio arquitectónico
34,Ávila,Ávila,Iglesia de San Andrés,Iglesia de San Andrés de Ávila,1997-12-11,Monumento,Patrimonio arquitectónico
35,Ávila,Ávila,Iglesia de San Nicolás,Iglesia de San Nicolás de Ávila,1991-08-01,Monumento,Patrimonio arquitectónico
36,Ávila,Ávila,Iglesia de San Pedro,Iglesia de San Pedro de Ávila,1991-09-26,Monumento,Patrimonio arquitectónico
37,Ávila,Ávila,Iglesia de Santo Domingo,Antigua iglesia de Santo Domingo,1923-06-23,Monumento (Desaparecida hacia 1950),Patrimonio arquitectónico
38,Ávila,Ávila,Iglesia de Santo Tomé el Viejo; Museo de Ávila - Almacén visitable,Iglesia de Santo Tomé el Viejo; almacén visitable de Santo Tomé; almacén visitable del Museo de Ávila,1991-08-08,Monumento,Patrimonio arquitectónico
39,Ávila,Ávila,Iglesia Parroquial de San Juan,Iglesia Parroquial de San Juan de Ávila; Iglesia de San Juan de Ávila,1991-06-13,Monumento,Patrimonio arquitectónico
40,Ávila,Ávila,Iglesia Parroquial de Santiago,Iglesia Parroquial de Santiago; iglesia de Santiago de Ávila,1991-06-13,Monumento,Patrimonio arquitectónico
41,Ávila,Ávila,"Iglesia Santos Mártires Vicente, Sabina y Cristeta","Iglesia Santos Mártires Vicente, Sabina y Cristeta; Iglesia de San Vicente de Ávila",1997-12-04,Monumento,Patrimonio arquitectónico
42,Ávila,Ávila,Las Murallas,Murallas de Ávila; muralla de Ávila,1991-08-08,Monumento,Patrimonio arquitectónico
43,Ávila,Ávila,Mansión de los Velada o Torreón Aboin,Mansión de los Velada o Torreón Aboin; Palacio de Los Velada,1992-11-18,Monumento,Patrimonio arquitectónico
44,Ávila,Ávila,Matadero,Antiguo matadero de Ávila,2022-07-21,Monumento,Patrimonio arquitectónico
45,Ávila,Ávila,Monasterio de la Encarnación,Monasterio de la Encarnación de Ávila,1998-07-30,Monumento,Patrimonio arquitectónico
46,Ávila,Ávila,"Museo Provincial de Bellas Artes, Museo de Ávila",Museo Provincial de Ávila; Museo de Ávila; Palacio de los Deanes,1991-09-26,Monumento,Patrimonio arquitectónico
47,Ávila,Ávila,Palacio de D. Blasco Núñez Vela,Palacio de Blasco Núñez Vela; Palacio de Núñez Vela,1923-06-23,Monumento,Patrimonio arquitectónico
48,Ávila,Ávila,Palacio de los Abrante,Palacio de los Abrante de Ávila; Palacio de los Dávila en Ávila,1991-08-01,Monumento,Patrimonio arquitectónico
49,Ávila,Ávila,Palacio de los Águila,Palacio de los Águila,1991-08-29,Monumento,Patrimonio arquitectónico
50,Ávila,Ávila,Palacio de los Almarza,Palacio de los Almarza,1992-11-26,Monumento,Patrimonio arquitectónico
51,Ávila,Ávila,Palacio de los Serrano,Palacio de los Serrano,2022-07-21,Monumento,Patrimonio arquitectónico
52,Ávila,Ávila,Palacio de los Superunda,Palacio de Superunda; Palacio de Superunda-Colección Caprotti,1992-12-23,Monumento,Patrimonio arquitectónico
53,Ávila,Ávila,Palacio de los Verdugo,Palacio de los Verdugo,1991-08-29,Monumento,Patrimonio arquitectónico
54,Ávila,Ávila,Palacio de Polentinos,"Palacio de Polentinos; Palacio de Polentinos, Academia de Intendencia",1999-12-17,Monumento,Patrimonio arquitectónico
55,Ávila,Ávila,Palacio de Santa Cruz o Bracamonte,Palacio de Bracamonte de Ávila,1978-12-07,Monumento,Patrimonio arquitectónico
56,Ávila,Ávila,Puente sobre el río Adaja,Puente sobre el río Adaja; puente romano sobre el río Adaja en Ávila; puente del Adaja en Ávila,2023-07-06,Monumento,Patrimonio arquitectónico
57,Ávila,Ávila,Real Monasterio de Santa Ana,Real Monasterio de Santa Ana de Ávila,1982-01-15,Monumento,Patrimonio arquitectónico
58,Ávila,Ávila,Torreón de los Guzmanes,Torreón de los Guzmanes,1991-09-26,Monumento,Patrimonio arquitectónico
59,Ávila,Ávila,Antiguas tenerías del arrabal de San Segundo,Antiguas tenerías del arrabal de San Segundo; tenerías de San Segundo; las tenerías; tenerías de San Segundo de Ávila,2010-06-24,Zona Arqueológica,Patrimonio arqueológico
60,Ávila,Bernuy-Salinero,Dolmen del Prado de las Cruces,Dolmen del Prado de las Cruces,1995-08-31,Zona Arqueológica,Patrimonio arqueológico
61,Barco de Ávila (El),Barco de Ávila (El),La Villa,La villa de Barco de Ávila; Conjunto histórico artístico de Barco de Ávila,2017-11-02,Conjunto histórico,Conjunto de bienes
62,Barco de Ávila (El),Barco de Ávila (El),Castillo de Valdecorneja,Castillo de Valdecorneja,1949-04-22,Castillos,Patrimonio arquitectónico
63,Barco de Ávila (El),Barco de Ávila (El),Muralla de El Barco de Ávila,Muralla de El Barco de Ávila,1949-04-22,Castillos,Patrimonio arquitectónico
64,Barco de Ávila (El),Barco de Ávila (El),Iglesia Mayor de la Asunción de Nuestra Señora,Iglesia Mayor de la Asunción de Nuestra Señora de Barco de Ávila,1931-06-03,Monumento,Patrimonio arquitectónico
65,Becedas,Becedas,Iglesia de la Inmaculada Concepción,Iglesia de la Inmaculada Concepción de Becedas,1983-02-23,Monumento,Patrimonio arquitectónico
66,Bonilla de la Sierra,Bonilla de la Sierra,El pueblo,Conjunto histórico artístico de Bonilla de la Sierra,1983-05-04,Conjunto histórico,Conjunto de bienes
67,Bonilla de la Sierra,Bonilla de la Sierra,Castillo de Bonilla de la Sierra,Castillo de Bonilla de la Sierra,1949-04-22,Castillos,Patrimonio arquitectónico
68,Bonilla de la Sierra,Bonilla de la Sierra,Rollo,Rollo de Bonilla de la Sierra,1963-03-14,Rollos de justicia,Patrimonio arquitectónico
69,Bonilla de la Sierra,Bonilla de la Sierra,Iglesia de San Martín ,Iglesia de San Martín de Bonilla de la Sierra,1931-06-03,Monumento,Patrimonio arquitectónico
70,Burgohondo,Burgohondo,Abadía Iglesia de Nuestra Señora de la Asunción,Abadía Iglesia de Nuestra Señora de la Asunción de Burgohondo,1983-06-22,Monumento,Patrimonio arquitectónico
71,Cabezas del Villar,Cabezas del Villar,Castillo de Zurraquín,Castillo de Zurraquín,1949-04-22,Castillos,Patrimonio arquitectónico
72,Cabezas del Villar,Cabezas del Villar,Iglesia de San Juan Bautista,Iglesia de San Juan Bautista de Cabezas del Villar,1999-04-15,Monumento,Patrimonio arquitectónico
73,Candeleda,Candeleda,Rollo de justicia,Rollo de justicia de Candeleda,1963-03-14,Rollos de justicia,Patrimonio arquitectónico
74,Candeleda,Candeleda,Iglesia de Nuestra Señora de la Asunción,Iglesia de Nuestra Señora de la Asunción de Candeleda,1991-10-24,Monumento,Patrimonio arquitectónico
75,Candeleda,Raso (El),Risco de la Zorrera,Risco de la Zorrera,1985-06-25,Arte ruprestre,Patrimonio arqueológico
76,Candeleda,Raso (El),Castro del Raso,Castro del Raso,1994-04-07,Zona Arqueológica,Patrimonio arqueológico
77,Cardeñosa ,Cardeñosa ,Rollo de justicia,Rollo de justicia de Cardeñosa,1963-03-14,Rollos de justicia,Patrimonio arquitectónico
78,Cardeñosa ,Cardeñosa ,Despoblado de las Cogotas,Castro de Las Cogotas,2009-04-30,Zona Arqueológica,Patrimonio arqueológico
79,Cebreros,Cebreros,El Calorzo,Pinturas rupestres de El Calorzo,1985-06-25,Arte ruprestre,Patrimonio arqueológico
80,Cebreros,Cebreros,Rollo de justicia,Rollo de justicia de Cebreros,1963-03-14,Rollos de justicia,Patrimonio arquitectónico
81,Cebreros,Cebreros,"Casa, entorno, dependencias Finca Quexigal",Finca Quexigal; Palacio de El Quexigal ,1991-12-19,Monumento,Patrimonio arquitectónico
82,Cebreros,Cebreros,Iglesia de Santiago,Iglesia de Santiago de Cebreros,1991-10-17,Monumento,Patrimonio arquitectónico
83,Cepeda la Mora,Cepeda la Mora,Rollo de justicia,Rollo de justicia de Cepeda de la Mora,1963-03-14,Rollos de justicia,Patrimonio arquitectónico
84,Chamartín ,Chamartín ,Castro de la Mesa de Miranda y Necrópolis de la Osera,Castro de la Mesa de Miranda; Necrópolis de la Osera,2021-09-23,Zona Arqueológica,Patrimonio arqueológico
85,Cisla,Cisla,Castillo de Torralba,Castillo de Torralba (Cisla),1949-04-22,Castillos,Patrimonio arquitectónico
86,Cuevas del Valle,Cuevas del Valle,Rollo de justicia,Rollo de justicia de Cuevas del Valle,1963-03-14,Rollos de justicia,Patrimonio arquitectónico
87,Fontiveros,Fontiveros,Iglesia de San Cipriano,Iglesia de San Cipriano de Fontiveros,1943-05-26,Monumento,Patrimonio arquitectónico
88,Fuente el Saúz,Fuente el Saúz,Iglesia de la Asunción de Nuestra Señora,Iglesia de la Asunción de Nuestra Señora de Fuente el Saúz,1983-11-16,Monumento,Patrimonio arquitectónico
89,Guisando,Guisando,La Villa con su entorno natural,Conjunto histórico artístico de la Villa de Guisando,1976-04-23,Conjunto histórico,Conjunto de bienes
90,Guisando,Guisando,Rollo de justicia,Rollo de justicia de Guisando,1963-03-14,Rollos de justicia,Patrimonio arquitectónico
91,Hornillo (El),Hornillo (El),Rollo de justicia,Rollo de justicia de El Hornillo,1963-03-14,Rollos de justicia,Patrimonio arquitectónico
92,Madrigal de las Altas Torres,Madrigal de las Altas Torres,La Villa,La villa de Madrigal de las Altas Torres; Conjunto histórico artístico de Madrigal de las Altas Torres,2020-09-03,Conjunto histórico,Conjunto de bienes
93,Madrigal de las Altas Torres,Madrigal de las Altas Torres,Casa Natal de Isabel la Católica. Palacio de Juan II,Casa Natal de Isabel la Católica; Palacio de Juan II (Madrigal de las Altas Torres),1942-09-21,Monumento,Patrimonio arquitectónico
94,Madrigal de las Altas Torres,Madrigal de las Altas Torres,Convento de San Agustín,Convento de San Agustín de Madrigal de las Altas Torres,2007-02-22,Monumento,Patrimonio arquitectónico
95,Madrigal de las Altas Torres,Madrigal de las Altas Torres,Hospital de la Purísima Concepción,Real Hospital de la Purisima Concepción de Madrigal de las Altas Torres,1983-02-23,Monumento,Patrimonio arquitectónico
96,Madrigal de las Altas Torres,Madrigal de las Altas Torres,Iglesia de San Nicolás de Bari,Iglesia de San Nicolás de Bari de Madrigal de las Altas Torres,1931-06-03,Monumento,Patrimonio arquitectónico
97,Madrigal de las Altas Torres,Madrigal de las Altas Torres,Iglesia de Santa María del Castillo,Iglesia de Santa María del Castillo de Madrigal de las Altas Torres,1991-06-13,Monumento,Patrimonio arquitectónico
98,Madrigal de las Altas Torres,Madrigal de las Altas Torres,Recinto murado de la Villa*,Muralla de Madrigal de las Altas Torres,2002-09-04,Monumento,Patrimonio arquitectónico
99,Mirón (El),Mirón (El),Castillo de El Mirón,Castillo de El Mirón (Ávila),1949-04-22,Castillos,Patrimonio arquitectónico
100,Mirón (El),Mirón (El),Rollo de justicia,Rollo de justicia de El Mirón,1963-03-14,Rollos de justicia,Patrimonio arquitectónico
101,Mironcilllo,Mironcillo,Castillo de Aunqueospese,Castillo de Aunqueospese; castillo de Manqueospese,1931-06-03,Monumento,Patrimonio arquitectónico
102,Mombeltrán ,Mombeltrán ,Castillo de Mombeltrán ,Castillo de Mombeltrán; Castillo de los Duques de Alburquerque (Mombeltrán),1949-04-22,Castillos,Patrimonio arquitectónico
103,Mombeltrán ,Mombeltrán ,Rollo de justicia,Rollo de justicia de Mombeltrán,1963-03-14,Rollos de justicia,Patrimonio arquitectónico
104,Mombeltrán ,Mombeltrán ,Hospital de Peregrinos,Hospital de Peregrinos de Mombeltrán,1976-01-09,Monumento,Patrimonio arquitectónico
105,Mombeltrán ,Mombeltrán ,Iglesia de San Juan Bautista,Iglesia de San Juan Bautista de Mombeltrán,1982-02-01,Monumento,Patrimonio arquitectónico
106,Muñogalindo,Muñogalindo,Grabado de Garoza,Grabado de Garoza,1985-06-25,Arte ruprestre,Patrimonio arqueológico
107,Muñogalindo,Muñogalindo,Grabado de Peña Águila,Grabado de Peña Águila,1985-06-25,Arte ruprestre,Patrimonio arqueológico
108,Muñogalindo,Muñogalindo,Grabados (dos),Dos grabados en Muñogalindo,1985-06-25,Arte ruprestre,Patrimonio arqueológico
109,Muñogalindo,Muñogalindo,Herradura del Caballo de Santiago,Herradura del Caballo de Santiago (Muñogalindo),1985-06-25,Arte ruprestre,Patrimonio arqueológico
110,Muñogalindo,Muñogalindo,Peñaguila,Peñaguila (Muñogalindo),1985-06-25,Arte ruprestre,Patrimonio arqueológico
111,Muñotello,Muñotello,Rollo de justicia,Rollo de justicia de Muñotello,1963-03-14,Rollos de justicia,Patrimonio arquitectónico
112,Narros de Saldueña,Narros de Saldueña,Castillo de Narros de Saldueña,Castillo de Narros de Saldueña,1949-04-22,Castillos ,Patrimonio arquitectónico
113,Navas del Marqués (Las),Navas del Marqués (Las),Castillo Palacio de Magalia,Castillo Palacio de Magalia,1931-06-03,Monumento,Patrimonio arquitectónico
114,Navas del Marqués (Las),Navas del Marqués (Las),Convento de San Pablo,Convento de San Pablo de Las Navas del Marqués,1982-02-12,Monumento,Patrimonio arquitectónico
115,Niharra,Niharra,"Yacimiento ""Pared de los Moros""","Yacimiento ""Pared de los Moros""",1996-04-03,Zona Arqueológica,Patrimonio arqueológico
116,Ojos-Albos,Ojos-Albos,Abrigo de Las Cabras / otros,El Abrigo de las Cabras (Ojos-Albos),1985-06-25,Arte ruprestre,Patrimonio arqueológico
117,Ojos-Albos,Ojos-Albos,Pinturas rupestres de Peña Mingubela,Pinturas rupestres de Peña Mingubela,1985-06-25,Arte ruprestre,Patrimonio arqueológico
118,Palacios de Goda,Palacios de Goda,Iglesia de San Juan Bautista,Iglesia de San Juan Bautista de Palacios de Goda,1998-04-16,Monumento,Patrimonio arquitectónico
119,Pedro Bernardo,Pedro Bernardo,Rollo de justicia,Rollo de justicia de Pedro Bernardo,1963-03-14,Rollos de justicia,Patrimonio arquitectónico
120,Piedrahita,Piedrahita,La Villa,La Villa de Piedrahita; Conjunto histórico artístico de la Villa de Piedrahita,2008-01-10,Conjunto histórico,Conjunto de bienes
121,Piedrahita,Piedrahita,Muralla,Muralla de Piedrahita,1949-04-22,Castillos,Patrimonio arquitectónico
122,Piedrahita,Piedrahita,Crucero,Crucero de Piedrahita,1963-03-14,Rollos de justicia,Patrimonio arquitectónico
123,Piedrahita,Piedrahita,Casa de Gabriel y Galán,Casa de Gabriel y Galán (Piedrahita),1993-03-11,Monumento,Patrimonio arquitectónico
124,Piedrahita,Piedrahita,Palacio de los Duques de Alba,Palacio de los Duques de Alba (Piedrahita),1993-07-07,Monumento,Patrimonio arquitectónico
125,Puerto Castilla,Santiago de Aravalle,Iglesia y Torre de Santiago Apóstol,Iglesia y Torre de Santiago Apóstol de Santiago de Aravalle,1981-12-18,Monumento,Patrimonio arquitectónico
126,Rivilla de Barajas,Rivilla de Barajas,Castillo de Castronuevo,Castillo de Castronuevo; Castillo de Castronuevo de Rivilla de Barajas,1949-04-22,Castillos,Patrimonio arquitectónico
127,San Esteban del Valle,San Esteban del Valle,Rollo de justicia,Rollo de justicia de San Esteban del Valle,1963-03-14,Rollos de justicia,Patrimonio arquitectónico
128,San Esteban del Valle,San Esteban del Valle,Iglesia de San Esteban,Iglesia de San Esteban de San Esteban del Valle,1981-05-27,Monumento,Patrimonio arquitectónico
129,San Juan de la Encinilla,San Juan de la Encinilla,Iglesia de San Juan Bautista ,Iglesia de San Juan Bautista de San Juan de la Encinilla,1982-06-18,Monumento,Patrimonio arquitectónico
130,San Juan de la Nava,San Juan de la Nava,Rollo de justicia,Rollo de justicia de San Juan de la Nava,1963-03-14,Rollos de justicia,Patrimonio arquitectónico
131,San Juan del Olmo,San Juan del Olmo,Ermita de la Virgen de las Fuentes,Ermita de la Virgen de las Fuentes (San juan del Olmo),1981-06-23,Monumento,Patrimonio arquitectónico
132,San Pedro del Arroyo,San Pedro del Arroyo,"Villa romana de ""El Vergel""","Villa romana de ""El Vergel""",2016-02-11,Zona Arqueológica,Patrimonio arqueológico
133,Sanchorreja,Sanchorreja,Los Castillejos,Castro de Los Castillejos de Sanchorreja,1985-06-25,Arte ruprestre,Patrimonio arqueológico
134,Santa Cruz del Valle,Santa Cruz del Valle,Rollo de justicia,Rollo de justicia de Santa Cruz del Valle,1963-03-14,Rollos de justicia,Patrimonio arquitectónico
135,Santa María del Cubillo,Aldeavieja,Ermita de Nuestra Señora del Cubillo,Ermita de Nuestra Señora del Cubillo (Aldeavieja),1982-01-15,Monumento,Patrimonio arquitectónico
136,Solosancho,Villaviciosa,"Chorreras, Las",Las Chorreras de Villaviciosa (Ávila),1985-06-25,Arte ruprestre,Patrimonio arqueológico
137,Solosancho,Villaviciosa,Castillo de Villaviciosa,Castillo de Villaviciosa (Ávila),1949-04-22,Castillos,Patrimonio arquitectónico
138,Solosancho,Villaviciosa,Despoblado de Ulaca,Castro de Ulaca; depoblado de Ulaca; Ulaca,1995-02-02,Zona Arqueológica,Patrimonio arqueológico
139,Tiemblo (El),Tiemblo (El),Terrenos que ocupan Toros de Guisando y Monasterio,Toros de Guisando; Monasterio de San Jerónimo de Guisando,1954-02-05,Paisaje Cultural,
140,Villarejo del Valle,Villarejo del Valle,Rollo de justicia,Rollo de justicia de Villarejo del Valle,1963-03-14,Rollos de justicia,Patrimonio arquitectónico
141,Villatoro,Villatoro,Castillo de Villatoro,Castillo de Villatoro,1949-04-22,Castillos,Patrimonio arquitectónico
142,Zapardiel de la Cañada,Zapardiel de la Cañada,Castillo de Serranos de la Torre,Castillo de Serranos de la Torre (Zapardiel de la Cañada),1949-04-22,Castillos,Patrimonio arquitectónico
143,Castilla y León ,,Cetrería,Cetrería en Ávila,2011-11-24,Inmateriales,
144,Castilla y León ,,Doma vaquera en Castilla y León*,Doma vaquera en Ávila,2025-12-17,Inmateriales (Incoado),
145,Castilla y León ,,La Tuna en Castilla y León,Tunas abulenses; tunas de Ávila,2025-11-27,Inmateriales,
146,Castilla y León ,,Tauromaquía en Castilla y León,Tauromaquía en Ávila,2014-04-03,Inmateriales,
147,Castilla y León ,,Las Mascaradas en Castilla y León,Mascaradas abulenses; mascaradas en Ávila,2023-03-09,Inmateriales,
